{
  "contacts": [
    {
      "fullname": "محمد جواد ذاکریان",
      "photo": "https://toplearn.com/img/user/618ef1bf-906d-4a16-afc6-8ccd50bb4d94_%D9%85%D8%AD%D9%85%D8%AF_%D8%AC%D9%88%D8%A7%D8%AF_%D8%B0%D8%A7%DA%A9%D8%B1%DB%8C%D8%A7%D9%867.jpg",
      "mobile": "09387207954",
      "email": "zack424@zack.com",
      "job": "برنامه نویس",
      "group": "1",
      "id": 1
    },
    {
      "fullname": "قاسم قاسم پور",
      "photo": "https://toplearn.com/img/user/250x259/e4758f1c-545d-4dc8-9ec8-6dbcd95704db_%D8%B9%D9%84%DB%8C%D8%B1%D8%B6%D8%A7_%D9%86%D9%88%D8%B1%D9%82%D8%B1%D8%A8%D8%A7%D9%86%DB%8C8.jpg",
      "mobile": "09387209946",
      "email": "mail1@ghasem.com",
      "job": "نمیدونم والا",
      "group": "6",
      "id": 2
    },
    {
      "fullname": "آقای هاشم قاسم پوری",
      "photo": "https://toplearn.com/img/user/teachers/058c0949-e9bf-9375-ff73-39f2fa7dec86_%D8%B9%D9%84%DB%8C_%D8%B4%D8%A7%D9%87%D9%88%DB%8C2.jpg",
      "mobile": "09387209946",
      "email": "mail1@ghasem.com",
      "job": "نمیدونم والا",
      "group": "5",
      "id": 3
    },
    {
      "fullname": "محمد محمد",
      "photo": "https://toplearn.com/img/user/250x259/4b8ae0e5-e50a-4357-90ba-96b25fff51b4_%D8%AD%D9%85%DB%8C%D8%AF%D8%B1%D8%B6%D8%A7_%D8%B1%D8%B6%D8%A751.jpg",
      "mobile": "09387207944",
      "email": "zack424@yahoo.com",
      "job": "بازی سازی",
      "group": "1",
      "id": 4
    },
    {
      "fullname": "علی هاشمی",
      "photo": "https://toplearn.com/img/user/250x259/e9ad5b15-1239-45e4-b486-5c27cc13d424_%D8%B9%D9%84%DB%8C_%D9%86%D8%A7%D8%B5%D8%B1%D9%BE%D9%88%D8%B15.jpg",
      "mobile": "09387207988",
      "email": "dawd!@dd.cf",
      "job": "پول خوب در بیار",
      "group": "5",
      "id": 5
    },
    {
      "fullname": "جمال هاشمی",
      "photo": "https://toplearn.com/img/user/teachers/a9ccb497-33d2-4146-b6fc-962029ca1d80_%D8%AC%D8%B9%D9%81%D8%B1_%D8%B9%D8%A8%D8%A7%D8%B3_%D9%BE%D9%88%D8%B11.jpg",
      "mobile": "09931875729",
      "email": "mohammadjavadzackerian74@gmail.com",
      "job": "786",
      "group": "3",
      "id": 6
    },
    {
      "fullname": "محمد جواد ذاکریاننننننن",
      "photo": "https://toplearn.com/img/user/618ef1bf-906d-4a16-afc6-8ccd50bb4d94_%D9%85%D8%AD%D9%85%D8%AF_%D8%AC%D9%88%D8%A7%D8%AF_%D8%B0%D8%A7%DA%A9%D8%B1%DB%8C%D8%A7%D9%867.jpg",
      "mobile": "09387207954",
      "email": "zack424@zack.com",
      "job": "برنامه نویس",
      "group": "1",
      "id": 7
    },
    {
      "fullname": "علی هاشمییییی",
      "photo": "https://toplearn.com/img/user/250x259/e9ad5b15-1239-45e4-b486-5c27cc13d424_%D8%B9%D9%84%DB%8C_%D9%86%D8%A7%D8%B5%D8%B1%D9%BE%D9%88%D8%B15.jpg",
      "mobile": "09387207988",
      "email": "dawd!@dd.cf",
      "job": "پول خوب در بیار",
      "group": "5",
      "id": 8
    },
    {
      "fullname": "محمد محمد",
      "mobile": "09387207944",
      "email": "zack424@yahoo.com",
      "photo": "https://toplearn.com/img/user/teachers/058c0949-e9bf-9375-ff73-39f2fa7dec86_%D8%B9%D9%84%DB%8C_%D8%B4%D8%A7%D9%87%D9%88%DB%8C2.jpg",
      "job": " کسب درآمد با کامپیوترddd",
      "group": "3",
      "id": 9
    },
    {
      "fullname": "میرزا تقی",
      "photo": "https://toplearn.com/img/user/teachers/a9ccb497-33d2-4146-b6fc-962029ca1d80_%D8%AC%D8%B9%D9%81%D8%B1_%D8%B9%D8%A8%D8%A7%D8%B3_%D9%BE%D9%88%D8%B11.jpg",
      "mobile": "09387247944",
      "email": "zack424@ya5hoo.com",
      "job": "پول خوب در بیار5",
      "group": "2",
      "id": 10
    },
    {
      "fullname": "میرزا تقی(کپی)",
      "photo": "https://toplearn.com/img/user/teachers/a9ccb497-33d2-4146-b6fc-962029ca1d80_%D8%AC%D8%B9%D9%81%D8%B1_%D8%B9%D8%A8%D8%A7%D8%B3_%D9%BE%D9%88%D8%B11.jpg",
      "mobile": "09387247944",
      "email": "zack424@ya5hoo.com",
      "job": "پول خوب در بیار5",
      "group": "2",
      "id": 11
    },
    {
      "fullname": "میرزا تقی(کپی)(کپی)",
      "photo": "https://toplearn.com/img/user/teachers/a9ccb497-33d2-4146-b6fc-962029ca1d80_%D8%AC%D8%B9%D9%81%D8%B1_%D8%B9%D8%A8%D8%A7%D8%B3_%D9%BE%D9%88%D8%B11.jpg",
      "mobile": "09387247944",
      "email": "zack424@ya5hoo.com",
      "job": "پول خوب در بیار5",
      "group": "2",
      "id": 12
    },
    {
      "fullname": "محمد محمد کریم پور",
      "photo": "https://toplearn.com/img/user/teachers/058c0949-e9bf-9375-ff73-39f2fa7dec86_%D8%B9%D9%84%DB%8C_%D8%B4%D8%A7%D9%87%D9%88%DB%8C2.jpg",
      "mobile": 9387207944,
      "email": "zack424@yahoo.com",
      "job": "پول خوب در بیار",
      "group": "5",
      "id": 15
    },
    {
      "fullname": "محمد جواد ذاکریان(کپی)",
      "photo": "https://toplearn.com/img/user/618ef1bf-906d-4a16-afc6-8ccd50bb4d94_%D9%85%D8%AD%D9%85%D8%AF_%D8%AC%D9%88%D8%A7%D8%AF_%D8%B0%D8%A7%DA%A9%D8%B1%DB%8C%D8%A7%D9%867.jpg",
      "mobile": "09387207954",
      "email": "zack424@zack.com",
      "job": "برنامه نویس",
      "group": "1",
      "id": 16
    }
  ],
  "groups": [
    {
      "id": "1",
      "name": "همکار"
    },
    {
      "id": "2",
      "name": "دوست"
    },
    {
      "id": "3",
      "name": "فامیل"
    },
    {
      "id": "4",
      "name": "سرویس"
    },
    {
      "id": "5",
      "name": "آشنا"
    },
    {
      "id": "6",
      "name": "دیگر"
    }
  ]
}